{
  "subscribers": [
    {
      "firstName": "Swinney",
      "lastName": "Todd",
      "gender": "male",
      "age": 45,
      "email": "qwerty@mail.ru",
      "password": "qwety123"
    },
    {
      "firstName": "Natalie",
      "lastName": "Portman",
      "gender": "Female",
      "age": 39,
      "email": "natalieee89@gmail.com",
      "password": "123qwerty"
    },
    {
      "firstName": "Scorpion",
      "lastName": "Netherrealm",
      "gender": "Male",
      "age": 40,
      "email": "hookMaster34@mail.nr",
      "password": "123"
    }
  ]
}